<?xml version="1.0" encoding="utf-8"?>
<odoo>
    <data noupdate="1">
        <!-- Cron for Monthly Attendance Sheet Creation -->
        <record id="ir_cron_hr_attendance_sheet_monthly_create" model="ir.cron">
            <field name="name">Monthly Create Attendance Sheet</field>
            <field name="model_id" ref="rm_hr_attendance_sheet.model_attendance_sheet"/>
            <field name="state">code</field>
            <field name="code">model._cron_generate_attendance_sheet()</field>
            <field name="active" eval="True"/>
            <field name="interval_number">1</field>
            <field name="interval_type">months</field>
            <field name="nextcall" eval="DateTime.now().replace(day=20, hour=3, minute=0)"/>
            <field name="priority" eval="10"/>
        </record>

        <!-- Cron for Daily Attendance Sheet Update -->
        <record id="ir_cron_cds_hr_attendance_sheet_daily_update" model="ir.cron">
            <field name="name">Daily Update Attendance Sheet</field>
            <field name="model_id" ref="rm_hr_attendance_sheet.model_attendance_sheet"/>
            <field name="state">code</field>
            <field name="code">model._cron_update_attendance_sheet(shift_days=0)</field>
            <field name="active" eval="True"/>
            <field name="interval_number">12</field>
            <field name="interval_type">hours</field>
            <field name="nextcall" eval="DateTime.now().replace(hour=8, minute=0)"/>
            <field name="priority" eval="15"/>
        </record>
    </data>
</odoo>